R,G,B,day_of_year,time_of_day,weather_index,cloud_cover_percent,I_445,I_515,I_630,I_clear
0.0,0.3157894736842105,0.0,210,16.45,2,75,659,21210,2502,23673
0.0,0.894736842105263,0.0,210,16.467,2,75,861,58079,3280,53651
0.6842105263157894,0.0,0.0,210,12.217,1,20,870,1797,21851,26176
0.147,0.372,0.394,210,17.6,1,20,12777,25172,7641,43799
0.0,0.4210526315789473,0.0,210,16.45,2,75,694,27785,2646,29295
0.147,0.372,0.394,210,17.65,1,20,12843,25246,7702,42853
0.3157894736842105,0.0,0.0,210,12.2,1,20,802,1602,11244,17723
1.0,0.7,0.9,213,13.746,1,34,28459,46799,32968,65535
1.0,0.5,0.6,213,13.742,1,34,19276,33918,32395,65535
0.147,0.372,0.394,210,17.65,1,20,12942,25500,7681,44066
0.202,0.264,0.753,212,13.533,1,20,24651,20518,10683,59531
0.9,0.6,0.9,213,13.744,1,34,28427,40533,29532,65535
1.0,0.1,0.5,213,13.741,1,34,16150,8702,31783,52232
0.0,0.0,0.5789473684210527,210,16.5,2,75,18345,1376,2666,24910
0.0,1.0,0.0,210,16.467,2,75,904,65190,3441,59532
0.0,0.0,0.1052631578947368,210,16.5,2,75,3947,1182,2363,11783
0.0,0.0,0.5263157894736842,210,16.5,2,75,16842,1357,2639,23706
0.1,0.8,0.4,212,13.912,1,100,14095,53948,7743,65535
0.147,0.372,0.394,210,17.617,1,20,12852,25158,7763,44413
0.0,0.1,0.1,213,13.776,1,34,4051,8274,1797,20561
0.1578947368421052,0.0,0.0,210,12.2,1,20,772,1517,6481,13896
0.147,0.372,0.394,210,17.617,1,20,12835,25199,7673,44244
0.0,0.2105263157894736,0.0,210,16.45,2,75,623,14675,2363,18449
0.0,0.0,0.3684210526315789,210,16.5,2,75,11888,1293,2535,19025
0.147,0.372,0.394,210,17.617,1,20,12778,25069,7661,43923
0.091,0.615,0.651,212,13.5,1,20,21380,42199,7620,65535
0.3,0.0,0.4,213,13.744,1,34,12963,1695,10878,28702
0.0,0.0,0.0,213,13.737,1,34,719,1332,1528,9881
0.6,0.1,0.4,213,13.745,1,34,12981,8599,19946,41079
0.2,0.4,0.2,213,13.743,1,34,7003,27024,8329,40226
0.7,0.4,0.8,213,13.747,1,34,25169,27579,23492,65535
0.147,0.372,0.394,210,17.65,1,20,12916,25327,7703,44130
0.7368421052631579,0.0,0.0,210,12.217,1,20,882,1829,23400,27442
0.147,0.372,0.394,210,17.633,1,20,12856,25161,7720,43124
0.5,0.5,0.8,213,13.76,1,34,25206,33590,17475,65535
0.147,0.372,0.394,210,17.6,1,20,12822,25169,7557,43337
0.294,0.088,0.902,212,13.483,1,20,28797,9169,12989,57889
0.0,0.0,0.9473684210526316,210,16.517,2,75,29288,1521,2903,35476
0.3,0.3,0.8,213,13.747,1,34,25142,21132,11614,53621
0.137,0.172,0.888,212,13.517,1,20,28618,15090,9108,61033
0.0,0.0,0.0,210,16.45,2,75,549,956,2074,7399
0.147,0.372,0.394,210,17.6,1,20,12969,25432,7521,43063
0.4,0.9,0.2,213,13.743,1,34,7281,59094,14655,65535
0.147,0.372,0.394,210,17.633,1,20,12913,25278,7592,44139
0.147,0.372,0.394,210,17.6,1,20,12834,25273,7634,43074
0.147,0.372,0.394,210,17.6,1,20,12837,25170,7684,43611
1.0,0.8,0.2,212,13.911,1,100,7964,54316,34207,65535
0.0,0.0,1.0,210,16.517,2,75,31163,1550,2943,37126
0.9,0.0,1.0,213,13.749,1,34,31358,2274,28933,59891
0.147,0.372,0.394,210,17.633,1,20,12888,25343,7633,44464
0.17,0.426,0.81,212,13.533,1,20,26413,30779,9981,65535
0.0,0.631578947368421,0.0,210,16.467,2,75,767,41597,2919,39961
0.0,0.3684210526315789,0.0,210,16.45,2,75,676,24606,2570,26378
0.147,0.372,0.394,210,17.633,1,20,12764,25136,7740,44372
0.0,0.0,0.0,210,12.2,1,20,742,1432,1624,10003
0.7,0.9,0.7,213,13.746,1,34,22476,59403,23979,65535
0.147,0.372,0.394,210,17.617,1,20,12841,25168,7722,43968
0.0,0.0,0.1578947368421052,210,16.5,2,75,5487,1204,2398,13179
0.3,0.9,0.6,213,13.741,1,34,19454,59302,11939,65535
0.147,0.372,0.394,210,17.617,1,20,12946,25320,7608,42690
0.894736842105263,0.0,0.0,210,12.217,1,20,910,1911,28132,31165
0.7,0.0,0.7,213,13.745,1,34,21989,2021,22932,46566
0.4,0.2,0.8,213,13.497,1,37,25434,15620,15069,56698
0.936,0.137,0.688,212,13.533,1,20,22745,12908,32251,65535
0.382,0.24,0.735,212,13.483,1,20,23927,18633,15490,59742
0.0,0.0,0.0,213,13.491,1,37,1019,1893,2197,16726
0.1,0.6,0.7,213,13.743,1,34,22381,40126,5962,63430
0.752,0.661,0.184,212,13.5,1,20,7448,45541,26648,65535
0.653,0.688,0.009,212,13.533,1,20,2330,47277,24224,65535
0.313,0.834,0.178,212,13.517,1,20,7453,56703,14383,65535
0.0,0.1,0.9,212,13.911,1,100,28791,9686,3991,53746
0.8,0.5,0.4,213,13.744,1,34,13129,33785,26204,61709
1.0,0.0,0.0,210,12.217,1,20,925,1959,31492,33758
0.726,0.067,0.206,212,13.517,1,20,7941,7886,25248,48967
0.147,0.372,0.394,210,17.6,1,20,12959,25332,7605,43339
0.147,0.372,0.394,210,17.633,1,20,12829,25031,7728,44383
0.8421052631578947,0.0,0.0,210,12.217,1,20,899,1880,26551,29914
0.7,0.3,0.1,213,13.496,1,37,4478,21675,23511,50772
0.0,0.0,0.2105263157894736,210,16.5,2,75,7099,1229,2436,14730
0.147,0.372,0.394,210,17.6,1,20,12866,25218,7526,42983
0.147,0.372,0.394,210,17.65,1,20,12848,25302,7573,43607
0.341,0.955,0.985,212,13.55,1,20,31926,64775,16234,65535
0.0,0.0,0.0,212,13.326,1,96,844,1689,2127,13266
0.969,0.154,0.777,212,13.517,1,20,25431,13648,33077,65535
0.147,0.372,0.394,210,17.65,1,20,12793,25242,7684,44727
0.0,0.0,0.631578947368421,210,16.5,2,75,19952,1397,2701,26513
0.248,0.317,0.64,212,13.467,1,20,21153,23569,11708,61109
0.0,0.0,0.3157894736842105,210,16.5,2,75,10360,1276,2504,17556
0.3,0.5,0.1,213,13.748,1,34,4177,33465,11380,45793
0.147,0.372,0.394,210,17.617,1,20,12911,25246,7743,44123
0.8,0.3,0.8,213,13.747,1,34,25375,21291,26183,65535
0.147,0.372,0.394,210,17.6,1,20,12728,24977,7702,43500
0.0,1.0,0.2,213,13.742,1,34,7243,65535,3003,65535
0.147,0.372,0.394,210,17.65,1,20,12954,25354,7706,43932
0.147,0.372,0.394,210,17.65,1,20,12965,25286,7783,44360
0.0,0.1578947368421052,0.0,210,16.45,2,75,605,11402,2293,15842
0.4,0.7,0.5,213,13.747,1,34,16370,46503,14617,65535
0.237,0.867,0.401,212,13.5,1,20,13953,58379,11943,65535
0.7,0.7,0.5,213,13.749,1,34,16413,46864,23583,65535
0.0,0.8421052631578947,0.0,210,16.467,2,75,843,54959,3209,51024
0.762,0.499,0.325,212,13.483,1,20,11505,34956,26745,65535
0.1,0.4,0.6,213,13.748,1,34,19117,27240,5695,50916
0.147,0.372,0.394,210,17.633,1,20,12817,25117,7548,42598
0.147,0.372,0.394,210,17.633,1,20,12923,25304,7566,44298
0.8,1.0,0.6,212,13.911,1,100,20253,65535,28784,65535
0.3684210526315789,0.0,0.0,210,12.2,1,20,813,1633,12696,18895
0.8,0.3,0.6,213,13.766,1,34,19184,21157,25890,57751
0.147,0.372,0.394,210,17.617,1,20,12799,25288,7677,44213
0.822,0.217,0.392,212,13.517,1,20,13788,17725,28475,60792
0.983,0.18,0.922,212,13.5,1,20,29533,15133,33384,65535
0.261,0.914,0.235,212,13.533,1,20,9205,61676,12974,65535
0.4,0.5,0.8,213,13.754,1,34,25415,34050,14663,65178
0.0,0.1052631578947368,0.0,210,16.45,2,75,588,8143,2219,13052
1.0,0.3,0.8,213,13.745,1,34,25212,21603,32364,65535
0.4,0.2,0.6,213,13.496,1,37,19354,15527,14892,50879
0.631578947368421,0.0,0.0,210,12.217,1,20,864,1776,20217,24900
0.0,0.6842105263157894,0.0,210,16.467,2,75,785,44754,2990,42659
0.0,0.2631578947368421,0.0,210,16.45,2,75,641,17876,2434,21020
0.959,0.759,0.034,212,13.517,1,20,3021,51679,32952,65535
0.058,0.565,0.308,212,13.517,1,20,11144,39237,6663,63047
0.0,0.5789473684210527,0.0,210,16.45,2,75,750,38119,2852,37347
0.1,0.7,1.0,213,13.496,1,37,31800,47072,6996,65535
1.0,1.0,0.9,213,13.737,1,34,28488,65535,33202,65535
0.0,0.0,0.0526315789473684,210,16.483,2,75,2406,1154,2318,10184
0.182,0.525,0.5,212,13.5,1,20,16803,36623,10134,65535
0.147,0.372,0.394,210,17.617,1,20,12964,25381,7689,43953
0.8,1.0,0.7,213,13.738,1,34,22617,65535,27085,65535
0.147,0.372,0.394,210,17.65,1,20,12844,25178,7717,43917
0.0,0.0,0.7368421052631579,210,16.5,2,75,22969,1435,2768,29491
0.622,0.777,0.158,212,13.5,1,20,6642,52838,22977,65535
0.147,0.372,0.394,210,17.617,1,20,12860,25201,7745,44209
0.782,0.444,0.427,212,13.483,1,20,14750,31804,27472,65535
0.708,0.293,0.378,212,13.517,1,20,13258,22199,25498,60888
0.0,0.0,0.2631578947368421,210,16.5,2,75,8809,1254,2470,16075
0.9,0.9,0.5,213,13.769,1,34,16275,59183,29573,65535
0.4736842105263157,0.0,0.0,210,12.2,1,20,832,1690,15569,21190
0.2,0.1,0.5,213,13.757,1,34,16202,8386,8059,35125
0.696,0.724,0.106,212,13.483,1,20,4999,49291,24911,65535
0.913,0.847,0.055,212,13.533,1,20,3902,57667,32147,65535
0.036,0.811,0.71,212,13.483,1,20,23377,55096,6207,65535
0.0,0.0,0.0,210,16.483,2,75,626,1123,2272,8518
0.7,0.4,0.4,213,13.751,1,34,13150,27474,23336,55142
0.0,0.5263157894736842,0.0,210,16.45,2,75,731,34616,2781,34517
0.4,0.4,0.6,213,13.741,1,34,19145,27214,14369,54833
1.0,1.0,0.0,213,13.779,1,34,1191,65535,32545,65535
0.147,0.372,0.394,210,17.65,1,20,12797,25179,7721,44192
0.366,0.64,0.665,212,13.533,1,20,22208,44653,15963,65535
0.017,0.585,0.868,212,13.5,1,20,28131,40883,5672,65535
0.88,0.996,0.975,212,13.5,1,20,31483,65535,31717,65535
0.147,0.372,0.394,210,17.617,1,20,12824,25143,7723,44151
0.1,0.1,0.8,213,13.746,1,34,25145,8390,5458,41109
0.147,0.372,0.394,210,17.633,1,20,12782,25170,7665,44024
0.117,0.339,0.068,212,13.533,1,20,3889,24926,7989,47288
0.9,0.5,0.6,212,13.911,1,100,19888,35221,30901,65535
0.8,0.5,0.6,213,13.763,1,34,19224,33795,26170,65535
0.147,0.372,0.394,210,17.633,1,20,13040,25752,7870,43835
0.147,0.372,0.394,210,17.617,1,20,12981,25462,7733,44065
0.147,0.372,0.394,210,17.633,1,20,12895,25260,7622,43420
0.2631578947368421,0.0,0.0,210,12.2,1,20,791,1571,9588,16383
0.0526315789473684,0.0,0.0,210,12.2,1,20,753,1465,3393,11434
0.9473684210526316,0.0,0.0,210,12.217,1,20,919,1935,29562,32280
0.0,0.4736842105263157,0.0,210,16.45,2,75,713,31364,2709,31794
0.582,0.922,0.86,212,13.517,1,20,28114,62518,22811,65535
0.0,0.0,0.8421052631578947,210,16.5,2,75,26186,1477,2829,32319
0.147,0.372,0.394,210,17.6,1,20,12845,25206,7483,41880
0.144,0.79,0.599,212,13.55,1,20,20349,54171,9986,65535
0.7,0.9,0.1,213,13.741,1,34,4286,58886,23418,65535
0.608,0.347,0.488,212,13.5,1,20,16437,25397,22217,62359
0.0,0.0,0.6842105263157894,210,16.5,2,75,21554,1418,2735,27995
0.4210526315789473,0.0,0.0,210,12.2,1,20,822,1659,14044,19956
0.5,0.2,0.6,213,13.737,1,34,19012,14938,17139,49380
0.0,0.7368421052631579,0.0,210,16.467,2,75,803,47994,3068,45660
0.862,0.023,0.951,212,13.483,1,20,30381,5559,29619,65535
0.2105263157894736,0.0,0.0,210,12.2,1,20,780,1541,8039,15130
